[
  {
    "id": "9ff8e72e-6235-46c4-950a-6bfdbc45c9c2",
    "data": [
      {
        "text": "qwe@hotmail.com",
        "alias": "email",
        "meta": "@sys.email",
        "userDefined": true
      }
    ],
    "isTemplate": false,
    "count": 1,
    "updated": 0
  },
  {
    "id": "ee74a536-5bbe-451b-9da2-c88705166e06",
    "data": [
      {
        "text": "xyz@yahoo.in",
        "alias": "email",
        "meta": "@sys.email",
        "userDefined": true
      }
    ],
    "isTemplate": false,
    "count": 0,
    "updated": 0
  },
  {
    "id": "03f5283d-7ad2-466f-b3d3-d57d408ff14c",
    "data": [
      {
        "text": "My email is ",
        "userDefined": false
      },
      {
        "text": "abc@gmail.com.",
        "alias": "email",
        "meta": "@sys.email",
        "userDefined": true
      }
    ],
    "isTemplate": false,
    "count": 0,
    "updated": 0
  }
]