[
  {
    "id": "b2e49c5b-57c6-4e5c-b8d3-8935a625eb96",
    "data": [
      {
        "text": "I need medicine",
        "userDefined": false
      }
    ],
    "isTemplate": false,
    "count": 0,
    "updated": 0
  },
  {
    "id": "e004013b-8080-4665-82eb-8a2069da4616",
    "data": [
      {
        "text": "I want to but abc",
        "userDefined": false
      }
    ],
    "isTemplate": false,
    "count": 0,
    "updated": 0
  },
  {
    "id": "d0cb80ea-b6ec-448c-8960-3525151a885f",
    "data": [
      {
        "text": "I want to buy xyz",
        "userDefined": false
      }
    ],
    "isTemplate": false,
    "count": 0,
    "updated": 0
  }
]