[
  {
    "id": "f8283f78-c0a4-4b4c-aa64-526dfa65c9d0",
    "data": [
      {
        "text": "I want to buy ",
        "userDefined": false
      },
      {
        "text": "IPRAZ TAB 2S",
        "alias": "medicine_name",
        "meta": "@medicine_name",
        "userDefined": true
      }
    ],
    "isTemplate": false,
    "count": 0,
    "updated": 0
  },
  {
    "id": "71c1a6bb-b74c-49ad-a6e6-c4bc94c650e2",
    "data": [
      {
        "text": "Is ",
        "userDefined": false
      },
      {
        "text": "EPIOTIC 100ML",
        "alias": "medicine_name",
        "meta": "@medicine_name",
        "userDefined": true
      },
      {
        "text": " available?",
        "userDefined": false
      }
    ],
    "isTemplate": false,
    "count": 0,
    "updated": 0
  }
]