[
  {
    "id": "f04c6a62-653d-43f6-8802-137793adff37",
    "data": [
      {
        "text": "Satya",
        "alias": "username",
        "meta": "@sys.given-name",
        "userDefined": true
      }
    ],
    "isTemplate": false,
    "count": 0,
    "updated": 0
  },
  {
    "id": "e9319a69-69bc-4cef-962d-3dbf2e9411aa",
    "data": [
      {
        "text": "Sri",
        "alias": "username",
        "meta": "@sys.given-name",
        "userDefined": true
      }
    ],
    "isTemplate": false,
    "count": 0,
    "updated": 0
  },
  {
    "id": "62b137e9-cef6-4926-9e7d-2d7f0f9b4dfa",
    "data": [
      {
        "text": "My name is ",
        "userDefined": false
      },
      {
        "text": "Ritwik",
        "alias": "username",
        "meta": "@sys.given-name",
        "userDefined": true
      },
      {
        "text": ".",
        "userDefined": false
      }
    ],
    "isTemplate": false,
    "count": 0,
    "updated": 0
  }
]