[
  {
    "id": "773eb5f9-b4d0-49e0-b579-0f1c0c9bcb99",
    "data": [
      {
        "text": "End this connversation",
        "userDefined": false
      }
    ],
    "isTemplate": false,
    "count": 0,
    "updated": 0
  },
  {
    "id": "978b8875-cae0-4d63-b8a1-6a0b68804ee2",
    "data": [
      {
        "text": "Empty my Cart",
        "userDefined": false
      }
    ],
    "isTemplate": false,
    "count": 0,
    "updated": 0
  },
  {
    "id": "8cb8e1aa-50c2-42a5-abd6-a476c219a9b6",
    "data": [
      {
        "text": "Do not place my order.",
        "userDefined": false
      }
    ],
    "isTemplate": false,
    "count": 1,
    "updated": 0
  }
]