[
  {
    "id": "4868b73a-cf79-4925-aa3a-8d9c6fc13fd8",
    "data": [
      {
        "text": "My mobile number is ",
        "userDefined": false
      },
      {
        "text": "7894561230",
        "alias": "mobilenum",
        "meta": "@sys.phone-number",
        "userDefined": true
      }
    ],
    "isTemplate": false,
    "count": 0,
    "updated": 0
  },
  {
    "id": "63e4c405-a839-4063-bf44-d7e7012696fc",
    "data": [
      {
        "text": "9874651230",
        "alias": "mobilenum",
        "meta": "@sys.phone-number",
        "userDefined": true
      }
    ],
    "isTemplate": false,
    "count": 0,
    "updated": 0
  },
  {
    "id": "3466f322-b27c-4e5a-82f4-4766c46837ed",
    "data": [
      {
        "text": "1234567890",
        "alias": "mobilenum",
        "meta": "@sys.phone-number",
        "userDefined": true
      }
    ],
    "isTemplate": false,
    "count": 0,
    "updated": 0
  }
]