[
  {
    "id": "87ec705d-c5e7-4ebe-8026-3ad272f2fedf",
    "data": [
      {
        "text": "Place my order.",
        "userDefined": false
      }
    ],
    "isTemplate": false,
    "count": 0,
    "updated": 0
  },
  {
    "id": "6407bd08-a67d-4e72-a07d-5add0dab9b23",
    "data": [
      {
        "text": "Please proceed to final screen",
        "userDefined": false
      }
    ],
    "isTemplate": false,
    "count": 0,
    "updated": 0
  },
  {
    "id": "58690d48-cb80-4b58-a263-65cfa77c1e8d",
    "data": [
      {
        "text": "Please place my order",
        "userDefined": false
      }
    ],
    "isTemplate": false,
    "count": 0,
    "updated": 0
  }
]