[
  {
    "id": "e3f304b2-b0fa-4b38-ad35-c3a17f12c8be",
    "data": [
      {
        "text": "My address is ",
        "userDefined": false
      },
      {
        "text": "H.No.22/A, Shop No.G5, Near Venkatagiri Bus Stop, Rd Number 5, Jubilee Hills, Hyderabad, Telangana 500033",
        "alias": "address",
        "meta": "@sys.address",
        "userDefined": true
      }
    ],
    "isTemplate": false,
    "count": 0,
    "updated": 0
  },
  {
    "id": "367bb8ac-8b1c-4b37-9e0a-c7f6113ed77e",
    "data": [
      {
        "text": "9/8, Hosur Main Road, Dairy Colony, Adugodi, Bengaluru, Karnataka 560029",
        "alias": "address",
        "meta": "@sys.address",
        "userDefined": true
      }
    ],
    "isTemplate": false,
    "count": 0,
    "updated": 0
  }
]