[
  {
    "value": "ALGOLITH 500GM",
    "synonyms": [
      "ALGOLITH 500GM"
    ]
  },
  {
    "value": "ALKAPET SYP 200ML",
    "synonyms": [
      "ALKAPET SYP 200ML"
    ]
  },
  {
    "value": "ALL 4 PET SOAP 75GM",
    "synonyms": [
      "ALL 4 PET SOAP 75GM"
    ]
  },
  {
    "value": "ALLERDERM SPOT ON 4ML",
    "synonyms": [
      "ALLERDERM SPOT ON 4ML"
    ]
  },
  {
    "value": "ALLERMYL 200ML",
    "synonyms": [
      "ALLERMYL 200ML"
    ]
  },
  {
    "value": "ALMOND HONEY SHAMPOO 200ML",
    "synonyms": [
      "ALMOND HONEY SHAMPOO 200ML"
    ]
  },
  {
    "value": "ALOVERA SHAMPOO 200ML -ETP",
    "synonyms": [
      "ALOVERA SHAMPOO 200ML -ETP"
    ]
  },
  {
    "value": "ALOVERA SHAMPOO 500ML -ETP",
    "synonyms": [
      "ALOVERA SHAMPOO 500ML -ETP"
    ]
  },
  {
    "value": "AMBIFLUSH 100ML",
    "synonyms": [
      "AMBIFLUSH 100ML"
    ]
  },
  {
    "value": "AMINTA SPRAY 120ML",
    "synonyms": [
      "AMINTA SPRAY 120ML"
    ]
  },
  {
    "value": "AMOXIRUM FORTE 300MG INJ",
    "synonyms": [
      "AMOXIRUM FORTE 300MG INJ"
    ]
  },
  {
    "value": "ANXOCARE  TAB 60`S",
    "synonyms": [
      "ANXOCARE  TAB 60`S"
    ]
  },
  {
    "value": "ARBCE PET LIQ 200ML",
    "synonyms": [
      "ARBCE PET LIQ 200ML"
    ]
  },
  {
    "value": "ARBCE PET LIQ 200ML",
    "synonyms": [
      "ARBCE PET LIQ 200ML"
    ]
  },
  {
    "value": "ARNICA SHAMPOO 500ML -ETP",
    "synonyms": [
      "ARNICA SHAMPOO 500ML -ETP"
    ]
  },
  {
    "value": "ASCAL PET 300 ML",
    "synonyms": [
      "ASCAL PET 300 ML"
    ]
  },
  {
    "value": "ATOP 7@ HYDRA CREAM FOR DOGS \u0026 CATS",
    "synonyms": [
      "ATOP 7@ HYDRA CREAM FOR DOGS \u0026 CATS"
    ]
  },
  {
    "value": "ATOP 7@ SHAMPOO 15ML",
    "synonyms": [
      "ATOP 7@ SHAMPOO 15ML"
    ]
  },
  {
    "value": "ATOP 7@ SHAMPOO FOR DOGS \u0026 CATS 200ML",
    "synonyms": [
      "ATOP 7@ SHAMPOO FOR DOGS \u0026 CATS 200ML"
    ]
  },
  {
    "value": "ATOP 7@ SPRAY FOR DOGS \u0026 CATS 75ML",
    "synonyms": [
      "ATOP 7@ SPRAY FOR DOGS \u0026 CATS 75ML"
    ]
  },
  {
    "value": "BACDERM POWDER 50GM",
    "synonyms": [
      "BACDERM POWDER 50GM"
    ]
  },
  {
    "value": "BEA ODOUR ELIMINATOR 400ML",
    "synonyms": [
      "BEA ODOUR ELIMINATOR 400ML"
    ]
  },
  {
    "value": "BEAPHAR BIO SHAMPOO DOG\u0026CATS",
    "synonyms": [
      "BEAPHAR BIO SHAMPOO DOG\u0026CATS"
    ]
  },
  {
    "value": "BIG BOSS POWDER 100GM",
    "synonyms": [
      "BIG BOSS POWDER 100GM"
    ]
  },
  {
    "value": "BIG BOSS SPRAY 100ML",
    "synonyms": [
      "BIG BOSS SPRAY 100ML"
    ]
  },
  {
    "value": "BIRD PLUS 30ML",
    "synonyms": [
      "BIRD PLUS 30ML"
    ]
  },
  {
    "value": "BONE BUILDER POWDER 500GM",
    "synonyms": [
      "BONE BUILDER POWDER 500GM"
    ]
  },
  {
    "value": "BONE STAR TAB 30`S",
    "synonyms": [
      "BONE STAR TAB 30`S"
    ]
  },
  {
    "value": "BONTAB TAB 30`S",
    "synonyms": [
      "BONTAB TAB 30`S"
    ]
  },
  {
    "value": "BULLYS BEST BULLY FUEL POWDER 500GM",
    "synonyms": [
      "BULLYS BEST BULLY FUEL POWDER 500GM"
    ]
  },
  {
    "value": "BULLYS BEST POWER GAIN POWDER 300GM",
    "synonyms": [
      "BULLYS BEST POWER GAIN POWDER 300GM"
    ]
  },
  {
    "value": "CAL TREAT 200ML",
    "synonyms": [
      "CAL TREAT 200ML"
    ]
  },
  {
    "value": "CANIFUR AZ SHAMPOO",
    "synonyms": [
      "CANIFUR AZ SHAMPOO"
    ]
  },
  {
    "value": "CANIFUR SHAMPOO",
    "synonyms": [
      "CANIFUR SHAMPOO"
    ]
  },
  {
    "value": "CANIGEN DHP 1ML",
    "synonyms": [
      "CANIGEN DHP 1ML"
    ]
  },
  {
    "value": "CANIGEN DHPPI  INJ 1 ML",
    "synonyms": [
      "CANIGEN DHPPI  INJ 1 ML"
    ]
  },
  {
    "value": "CANIKUR PRO 30ML",
    "synonyms": [
      "CANIKUR PRO 30ML"
    ]
  },
  {
    "value": "CANISHOT CV",
    "synonyms": [
      "CANISHOT CV"
    ]
  },
  {
    "value": "CANISHOT K5",
    "synonyms": [
      "CANISHOT K5"
    ]
  },
  {
    "value": "CANISHOT RV-F",
    "synonyms": [
      "CANISHOT RV-F"
    ]
  },
  {
    "value": "CANITONE -LS LARGE TAB 30`S",
    "synonyms": [
      "CANITONE -L S LARGE TAB 30`S"
    ]
  },
  {
    "value": "CANITONE JOINT TAB 30`S",
    "synonyms": [
      "CANITONE JOINT TAB 30`S"
    ]
  },
  {
    "value": "CANITONE JUNIOR 250ML",
    "synonyms": [
      "CANITONE JUNIOR 250ML"
    ]
  },
  {
    "value": "CANITONE TAB 30`S",
    "synonyms": [
      "CANITONE TAB 30`S"
    ]
  },
  {
    "value": "CANOSAN DOG TAB 30`S",
    "synonyms": [
      "CANOSAN DOG TAB 30`S"
    ]
  },
  {
    "value": "CAREBEST CREAM 20GM",
    "synonyms": [
      "CAREBEST CREAM 20GM"
    ]
  },
  {
    "value": "CAREBEST SHAMPOO 200ML",
    "synonyms": [
      "CAREBEST SHAMPOO 200ML"
    ]
  },
  {
    "value": "CAREBEST TAB 200MG 10`S",
    "synonyms": [
      "CAREBEST TAB 200MG 10`S"
    ]
  },
  {
    "value": "CAT STAR SYRUP 100ML",
    "synonyms": [
      "CAT STAR SYRUP 100ML"
    ]
  },
  {
    "value": "CAT STAR SYRUP 200ML",
    "synonyms": [
      "CAT STAR SYRUP 200ML"
    ]
  },
  {
    "value": "CEF-DP 100MG 10`S",
    "synonyms": [
      "CEF-DP 100MG 10`S"
    ]
  },
  {
    "value": "CEF-DP 200MG 10`S",
    "synonyms": [
      "CEF-DP 200MG 10`S"
    ]
  },
  {
    "value": "CEFPET DRY SYRUP",
    "synonyms": [
      "CEFPET DRY SYRUP"
    ]
  },
  {
    "value": "CEFPET TAB 10S",
    "synonyms": [
      "CEFPET TAB 10S"
    ]
  },
  {
    "value": "CEFPET XL 10`S TAB",
    "synonyms": [
      "CEFPET XL 10`S TAB"
    ]
  },
  {
    "value": "CHARMAID CAP 50`S",
    "synonyms": [
      "CHARMAID CAP 50`S"
    ]
  },
  {
    "value": "CHARMIL PLUS 25GM",
    "synonyms": [
      "CHARMIL PLUS 25GM"
    ]
  },
  {
    "value": "CLINAR PET TICKWASH",
    "synonyms": [
      "CLINAR PET TICKWASH"
    ]
  },
  {
    "value": "CLINAR-M SHAMPOO",
    "synonyms": [
      "CLINAR-M SHAMPOO"
    ]
  },
  {
    "value": "CLINDAPET 25MG 30ML",
    "synonyms": [
      "CLINDAPET 25MG 30ML"
    ]
  },
  {
    "value": "CLINDAPET TAB 150MG 10`S",
    "synonyms": [
      "CLINDAPET TAB 150MG 10`S"
    ]
  },
  {
    "value": "CLINDAPET TAB 300MG 10`S",
    "synonyms": [
      "CLINDAPET TAB 300MG 10`S"
    ]
  },
  {
    "value": "CLINDAPET TAB 600MG 10`S",
    "synonyms": [
      "CLINDAPET TAB 600MG 10`S"
    ]
  },
  {
    "value": "COMFODERM OAT SPRAY 200ML",
    "synonyms": [
      "COMFODERM OAT SPRAY 200ML"
    ]
  },
  {
    "value": "CONASEB SHAMPOO 100ML",
    "synonyms": [
      "CONASEB SHAMPOO 100ML"
    ]
  },
  {
    "value": "CONASEB SHAMPOO 200ML",
    "synonyms": [
      "CONASEB SHAMPOO 200ML"
    ]
  },
  {
    "value": "CORT EAR CLEANSER 50ML",
    "synonyms": [
      "CORT EAR CLEANSER 50ML"
    ]
  },
  {
    "value": "CRATIBUN 200ML",
    "synonyms": [
      "CRATIBUN 200ML"
    ]
  },
  {
    "value": "CZ BARKING UP TEA TREE SHAMPOO",
    "synonyms": [
      "CZ BARKING UP TEA TREE SHAMPOO"
    ]
  },
  {
    "value": "CZ BARKING UP TEA TREE SHAMPOO",
    "synonyms": [
      "CZ BARKING UP TEA TREE SHAMPOO"
    ]
  },
  {
    "value": "CZ BARKING UP TEA TREE SHAMPOO",
    "synonyms": [
      "CZ BARKING UP TEA TREE SHAMPOO"
    ]
  },
  {
    "value": "CZ BLING ON THE SHINE SHAMPOO",
    "synonyms": [
      "CZ BLING ON THE SHINE SHAMPOO"
    ]
  },
  {
    "value": "CZ EXCUSE ME FLEAS SHAMPOO",
    "synonyms": [
      "CZ EXCUSE ME FLEAS SHAMPOO"
    ]
  },
  {
    "value": "CZ EXCUSE ME FLEAS SHAMPOO",
    "synonyms": [
      "CZ EXCUSE ME FLEAS SHAMPOO"
    ]
  },
  {
    "value": "CZ EXCUSE ME FLEAS SHAMPOO",
    "synonyms": [
      "CZ EXCUSE ME FLEAS SHAMPOO"
    ]
  },
  {
    "value": "CZ MY COAT CAN GLOAT 100GM",
    "synonyms": [
      "CZ MY COAT CAN GLOAT 100GM"
    ]
  },
  {
    "value": "CZ PAWSITIVELY SMOOTH 25GM",
    "synonyms": [
      "CZ PAWSITIVELY SMOOTH 25GM"
    ]
  },
  {
    "value": "CZ SCENT SATIONALLY YOURS 100ML",
    "synonyms": [
      "CZ SCENT SATIONALLY YOURS 100ML"
    ]
  },
  {
    "value": "CZ SHEA PLEASURE SNIFFING YOU",
    "synonyms": [
      "CZ SHEA PLEASURE SNIFFING YOU"
    ]
  },
  {
    "value": "CZ SHEA PLEASURE SNIFFING YOU",
    "synonyms": [
      "CZ SHEA PLEASURE SNIFFING YOU"
    ]
  },
  {
    "value": "CZ SHEA PLEASURE SNIFFING YOU",
    "synonyms": [
      "CZ SHEA PLEASURE SNIFFING YOU"
    ]
  },
  {
    "value": "CZ TICKET TO FLEADOM SHAMPOO",
    "synonyms": [
      "CZ TICKET TO FLEADOM SHAMPOO"
    ]
  },
  {
    "value": "CZ TICKET TO FLEADOM SHAMPOO",
    "synonyms": [
      "CZ TICKET TO FLEADOM SHAMPOO"
    ]
  },
  {
    "value": "CZ WASSUP PUP SYRUP 50ML",
    "synonyms": [
      "CZ WASSUP PUP SYRUP 50ML"
    ]
  },
  {
    "value": "D MAG SPRAY 120 ML -PET",
    "synonyms": [
      "D MAG SPRAY 120 ML -PET"
    ]
  },
  {
    "value": "D MAG SPRAY 60 ML -PET",
    "synonyms": [
      "D MAG SPRAY 60 ML -PET"
    ]
  },
  {
    "value": "DEEP TBR 10`S",
    "synonyms": [
      "DEEP TBR 10`S"
    ]
  },
  {
    "value": "DENTOPET PASTE 70GM",
    "synonyms": [
      "DENTOPET PASTE 70GM"
    ]
  },
  {
    "value": "DENTOPET TEETHING GEL",
    "synonyms": [
      "DENTOPET TEETHING GEL"
    ]
  },
  {
    "value": "DERMICHLOR SPRAY 100ML",
    "synonyms": [
      "DERMICHLOR SPRAY 100ML"
    ]
  },
  {
    "value": "DERMICHLOR SPRAY 100ML",
    "synonyms": [
      "DERMICHLOR SPRAY 100ML"
    ]
  },
  {
    "value": "DIABECIP PET 200ML",
    "synonyms": [
      "DIABECIP PET 200ML"
    ]
  },
  {
    "value": "DIGISMILE PET SUSP 170ML",
    "synonyms": [
      "DIGISMILE PET SUSP 170ML"
    ]
  },
  {
    "value": "DIGISPAS DROP 30ML",
    "synonyms": [
      "DIGISPAS DROP 30ML"
    ]
  },
  {
    "value": "DIGYTON DROP 30ML",
    "synonyms": [
      "DIGYTON DROP 30ML"
    ]
  },
  {
    "value": "DIGYTON PLUS LIQUID 100ML",
    "synonyms": [
      "DIGYTON PLUS LIQUID 100ML"
    ]
  },
  {
    "value": "DIGYTON PLUS LIQUID 100ML",
    "synonyms": [
      "DIGYTON PLUS LIQUID 100ML"
    ]
  },
  {
    "value": "DISINFECTING \u0026 DEO EXPERT 1LTR",
    "synonyms": [
      "DISINFECTING \u0026 DEO EXPERT 1LTR"
    ]
  },
  {
    "value": "DOCMYCIN INJ 10ML",
    "synonyms": [
      "DOCMYCIN INJ 10ML"
    ]
  },
  {
    "value": "DOGGY\u0027S + BIOTINE 75TAB",
    "synonyms": [
      "DOGGY\u0027S + BIOTINE 75TAB"
    ]
  },
  {
    "value": "DOLOCARP 100MG TAB 30`S",
    "synonyms": [
      "DOLOCARP 100MG TAB 30`S"
    ]
  },
  {
    "value": "DOLOCARP 100MG TAB 6`S",
    "synonyms": [
      "DOLOCARP 100MG TAB 6`S"
    ]
  },
  {
    "value": "DOLOCARP 50MG TAB 6`S",
    "synonyms": [
      "DOLOCARP 50MG TAB 6`S"
    ]
  },
  {
    "value": "DOUBLE ACTION TOOTHPAST 100GM",
    "synonyms": [
      "DOUBLE ACTION TOOTHPAST 100GM"
    ]
  },
  {
    "value": "DOXY MUST 100MG TAB 10`S",
    "synonyms": [
      "DOXY MUST 100MG TAB 10`S"
    ]
  },
  {
    "value": "DOXY MUST 300 TAB 10`S",
    "synonyms": [
      "DOXY MUST 300 TAB 10`S"
    ]
  },
  {
    "value": "DR DOXY 300MG TAB 10`S",
    "synonyms": [
      "DR DOXY 300MG TAB 10`S"
    ]
  },
  {
    "value": "DUO JUNIOR PASTE 100GM",
    "synonyms": [
      "DUO JUNIOR PASTE 100GM"
    ]
  },
  {
    "value": "EAZYPET 10 TAB",
    "synonyms": [
      "EAZYPET 10 TAB"
    ]
  },
  {
    "value": "EFFIPRO 80ML",
    "synonyms": [
      "EFFIPRO 80ML"
    ]
  },
  {
    "value": "ENDRO PET 150MG TAB 10`S",
    "synonyms": [
      "ENDRO PET 150MG TAB 10`S"
    ]
  },
  {
    "value": "ENDRO PET 50MG TAB 10`S",
    "synonyms": [
      "ENDRO PET 50MG TAB 10`S"
    ]
  },
  {
    "value": "EPIOTIC 100ML",
    "synonyms": [
      "EPIOTIC 100ML"
    ]
  },
  {
    "value": "EPIOTIC 50ML",
    "synonyms": [
      "EPIOTIC 50ML"
    ]
  },
  {
    "value": "EPISOOTHE SHAMPOO 200 ML",
    "synonyms": [
      "EPISOOTHE SHAMPOO 200 ML"
    ]
  },
  {
    "value": "ERINA COAT CLEANSER 200ML",
    "synonyms": [
      "ERINA COAT CLEANSER 200ML"
    ]
  },
  {
    "value": "ERINA COAT CLEANSER 450ML",
    "synonyms": [
      "ERINA COAT CLEANSER 450ML"
    ]
  },
  {
    "value": "ERINA EP POWDER",
    "synonyms": [
      "ERINA EP POWDER"
    ]
  },
  {
    "value": "ERINA EP SHAMPOO 200ML",
    "synonyms": [
      "ERINA EP SHAMPOO 200ML"
    ]
  },
  {
    "value": "ERINA EP SHAMPOO 500ML",
    "synonyms": [
      "ERINA EP SHAMPOO 500ML"
    ]
  },
  {
    "value": "ERINA PLUS COAT CLEANSER CONDITIONER",
    "synonyms": [
      "ERINA PLUS COAT CLEANSER CONDITIONER"
    ]
  },
  {
    "value": "ESSENTIAL6 SEBO DOG\u0026CATS SHAMPOO 200ML",
    "synonyms": [
      "ESSENTIAL6 SEBO DOG\u0026CATS SHAMPOO 200ML"
    ]
  },
  {
    "value": "ESSENTIAL6 SEBO SHAMPOO 15ML",
    "synonyms": [
      "ESSENTIAL6 SEBO SHAMPOO 15ML"
    ]
  },
  {
    "value": "ESSENTIAL6 SPOT ON FOR DOGS 0-10KG",
    "synonyms": [
      "ESSENTIAL6 SPOT ON FOR DOGS 0-10KG"
    ]
  },
  {
    "value": "ESSENTIAL6 SPOT ON FOR DOGS 10-20KG",
    "synonyms": [
      "ESSENTIAL6 SPOT ON FOR DOGS 10-20KG"
    ]
  },
  {
    "value": "ESSENTIAL6 SPOT ON FOR DOGS 20-40KG",
    "synonyms": [
      "ESSENTIAL6 SPOT ON FOR DOGS 20-40KG"
    ]
  },
  {
    "value": "FELIGEN CRP 1ML",
    "synonyms": [
      "FELIGEN CRP 1ML"
    ]
  },
  {
    "value": "FERRIMIN SYP 200ML",
    "synonyms": [
      "FERRIMIN SYP 200ML"
    ]
  },
  {
    "value": "FIDOACE 200ML",
    "synonyms": [
      "FIDOACE 200ML"
    ]
  },
  {
    "value": "FIDOACE 50ML",
    "synonyms": [
      "FIDOACE 50ML"
    ]
  },
  {
    "value": "FIDOAIDE TAB 10`S",
    "synonyms": [
      "FIDOAIDE TAB 10`S"
    ]
  },
  {
    "value": "FIDOBUDDY SYRUP 200ML",
    "synonyms": [
      "FIDOBUDDY SYRUP 200ML"
    ]
  },
  {
    "value": "FIDOCLEAN 200ML",
    "synonyms": [
      "FIDOCLEAN 200ML"
    ]
  },
  {
    "value": "FIDOGLAM SHAMPOO 200ML",
    "synonyms": [
      "FIDOGLAM SHAMPOO 200ML"
    ]
  },
  {
    "value": "FIDOHEAL SPRAY 100ML",
    "synonyms": [
      "FIDOHEAL SPRAY 100ML"
    ]
  },
  {
    "value": "FIDOSHINE SHAMPOO 200ML",
    "synonyms": [
      "FIDOSHINE SHAMPOO 200ML"
    ]
  },
  {
    "value": "FIDOSTAR 120MG 9-18KG SPOTON",
    "synonyms": [
      "FIDOSTAR 120MG 9-18KG SPOTON"
    ]
  },
  {
    "value": "FIDOSTAR 240MG 20-40KG SPOTON",
    "synonyms": [
      "FIDOSTAR 240MG 20-40KG SPOTON"
    ]
  },
  {
    "value": "FIDOSTAR 60MG 5-10KG SPOTON",
    "synonyms": [
      "FIDOSTAR 60MG 5-10KG SPOTON"
    ]
  },
  {
    "value": "FIDOSTAR CAT 45MG 3-8KG SPOTON",
    "synonyms": [
      "FIDOSTAR CAT 45MG 3-8KG SPOTON"
    ]
  },
  {
    "value": "FIPROTIC SPARY 100ML -ETP",
    "synonyms": [
      "FIPROTIC SPARY 100ML -ETP"
    ]
  },
  {
    "value": "FIPROTIC SPOTON 10 TO 20KG -ETP",
    "synonyms": [
      "FIPROTIC SPOTON 10 TO 20KG -ETP"
    ]
  },
  {
    "value": "FIPROTIC SPOTON 20 TO 40KG -ETP",
    "synonyms": [
      "FIPROTIC SPOTON 20 TO 40KG -ETP"
    ]
  },
  {
    "value": "FIPROTIC SPOTON 40 TO 60KG -ETP",
    "synonyms": [
      "FIPROTIC SPOTON 40 TO 60KG -ETP"
    ]
  },
  {
    "value": "FIPROTIC SPOTON UP TO 10KG -ETP",
    "synonyms": [
      "FIPROTIC SPOTON UP TO 10KG -ETP"
    ]
  },
  {
    "value": "FIXOTIC ADVANCE -10",
    "synonyms": [
      "FIXOTIC ADVANCE -10"
    ]
  },
  {
    "value": "FIXOTIC ADVANCE -10",
    "synonyms": [
      "FIXOTIC ADVANCE -10"
    ]
  },
  {
    "value": "FIXOTIC ADVANCE 10-20",
    "synonyms": [
      "FIXOTIC ADVANCE 10-20"
    ]
  },
  {
    "value": "FIXOTIC ADVANCE 10-20",
    "synonyms": [
      "FIXOTIC ADVANCE 10-20"
    ]
  },
  {
    "value": "FIXOTIC ADVANCE 20-40",
    "synonyms": [
      "FIXOTIC ADVANCE 20-40"
    ]
  },
  {
    "value": "FIXOTIC ADVANCE 20-40",
    "synonyms": [
      "FIXOTIC ADVANCE 20-40"
    ]
  },
  {
    "value": "FIXOTIC ADVANCE 40-60",
    "synonyms": [
      "FIXOTIC ADVANCE 40-60"
    ]
  },
  {
    "value": "FIXOTIC ADVANCE 40-60",
    "synonyms": [
      "FIXOTIC ADVANCE 40-60"
    ]
  },
  {
    "value": "FIXOTIX ADVANCE SPRAY 100ML",
    "synonyms": [
      "FIXOTIX ADVANCE SPRAY 100ML"
    ]
  },
  {
    "value": "FIXOTIX ADVANCE SPRAY 100ML",
    "synonyms": [
      "FIXOTIX ADVANCE SPRAY 100ML"
    ]
  },
  {
    "value": "FLEMATIC-PRO SKIN OIL 180ML",
    "synonyms": [
      "FLEMATIC-PRO SKIN OIL 180ML"
    ]
  },
  {
    "value": "FRESH COAT 150ML",
    "synonyms": [
      "FRESH COAT 150ML"
    ]
  },
  {
    "value": "FRESH COAT 400ML",
    "synonyms": [
      "FRESH COAT 400ML"
    ]
  },
  {
    "value": "FRONTLINE PLUS -10KS",
    "synonyms": [
      "FRONTLINE PLUS -10KS"
    ]
  },
  {
    "value": "FRONTLINE PLUS 10-20KG",
    "synonyms": [
      "FRONTLINE PLUS 10-20KG"
    ]
  },
  {
    "value": "FRONTLINE PLUS 20-40KG",
    "synonyms": [
      "FRONTLINE PLUS 20-40KG"
    ]
  },
  {
    "value": "FRONTLINE PLUS 40-60KG",
    "synonyms": [
      "FRONTLINE PLUS 40-60KG"
    ]
  },
  {
    "value": "FRONTLINE PLUS CAT",
    "synonyms": [
      "FRONTLINE PLUS CAT"
    ]
  },
  {
    "value": "FURGLOW ORAL COAT COND 200ML",
    "synonyms": [
      "FURGLOW ORAL COAT COND 200ML"
    ]
  },
  {
    "value": "GOLD COAT NF 200ML",
    "synonyms": [
      "GOLD COAT NF 200ML"
    ]
  },
  {
    "value": "GOLDBOOST SYRUP 200ML",
    "synonyms": [
      "GOLDBOOST SYRUP 200ML"
    ]
  },
  {
    "value": "GRIPTOL N 60ML",
    "synonyms": [
      "GRIPTOL N 60ML"
    ]
  },
  {
    "value": "HD TABLETS",
    "synonyms": [
      "HD TABLETS"
    ]
  },
  {
    "value": "HEALTH UP PRO 200ML",
    "synonyms": [
      "HEALTH UP PRO 200ML"
    ]
  },
  {
    "value": "HEALTH UP PRO 200ML",
    "synonyms": [
      "HEALTH UP PRO 200ML"
    ]
  },
  {
    "value": "HEALTHY TREATS -PUPPY 100GM",
    "synonyms": [
      "HEALTHY TREATS -PUPPY 100GM"
    ]
  },
  {
    "value": "HEALTHY TREATS -PUPPY 1KG",
    "synonyms": [
      "HEALTHY TREATS -PUPPY 1KG"
    ]
  },
  {
    "value": "HEMOBEST PET SYRUP 200ML",
    "synonyms": [
      "HEMOBEST PET SYRUP 200ML"
    ]
  },
  {
    "value": "HERBA TAKE PET 100ML",
    "synonyms": [
      "HERBA TAKE PET 100ML"
    ]
  },
  {
    "value": "HERBA TAKE PET 200ML",
    "synonyms": [
      "HERBA TAKE PET 200ML"
    ]
  },
  {
    "value": "HIMCAL PET 200 ML",
    "synonyms": [
      "HIMCAL PET 200 ML"
    ]
  },
  {
    "value": "HITEK 1ML INJ",
    "synonyms": [
      "HITEK 1ML INJ"
    ]
  },
  {
    "value": "HUG N WAG 4IN1 ESSENTIAL CARE 200ML",
    "synonyms": [
      "HUG N WAG 4IN1 ESSENTIAL CARE 200ML"
    ]
  },
  {
    "value": "HUG N WAG PUPPY SHAMPOO 100ML",
    "synonyms": [
      "HUG N WAG PUPPY SHAMPOO 100ML"
    ]
  },
  {
    "value": "HUG N WAG PUPPY SHAMPOO 200ML",
    "synonyms": [
      "HUG N WAG PUPPY SHAMPOO 200ML"
    ]
  },
  {
    "value": "HUG N WAG SHED CONTROL 100ML",
    "synonyms": [
      "HUG N WAG SHED CONTROL 100ML"
    ]
  },
  {
    "value": "HUG N WAG SHED CONTROL 200ML",
    "synonyms": [
      "HUG N WAG SHED CONTROL 200ML"
    ]
  },
  {
    "value": "IMIZET INJ 10ML",
    "synonyms": [
      "IMIZET INJ 10ML"
    ]
  },
  {
    "value": "IMMUNOL 100 ML",
    "synonyms": [
      "IMMUNOL 100 ML"
    ]
  },
  {
    "value": "IMMUNOL 100 ML",
    "synonyms": [
      "IMMUNOL 100 ML"
    ]
  },
  {
    "value": "IMUN O PET SYP 200ML",
    "synonyms": [
      "IMUN O PET SYP 200ML"
    ]
  },
  {
    "value": "INFLAVET TAB 10`S",
    "synonyms": [
      "INFLAVET TAB 10`S"
    ]
  },
  {
    "value": "INSTAPET EFA PLUS 200ML",
    "synonyms": [
      "INSTAPET EFA PLUS 200ML"
    ]
  },
  {
    "value": "INTACAL PET 200 ML",
    "synonyms": [
      "INTACAL PET 200 ML"
    ]
  },
  {
    "value": "INTACAL PET 450 ML",
    "synonyms": [
      "INTACAL PET 450 ML"
    ]
  },
  {
    "value": "INTACEF PET 500MG INJ",
    "synonyms": [
      "INTACEF PET 500MG INJ"
    ]
  },
  {
    "value": "INTACEF-TAZO PET 562.50MG",
    "synonyms": [
      "INTACEF-TAZO PET 562.50MG"
    ]
  },
  {
    "value": "IPAKITINE POWDER 180GM",
    "synonyms": [
      "IPAKITINE POWDER 180GM"
    ]
  },
  {
    "value": "IPAKITINE POWDER 180GM",
    "synonyms": [
      "IPAKITINE POWDER 180GM"
    ]
  },
  {
    "value": "IPRAZ TAB 2S",
    "synonyms": [
      "IPRAZ TAB 2S"
    ]
  },
  {
    "value": "IRIS AMAZE SHAMPOO 100ML",
    "synonyms": [
      "IRIS AMAZE SHAMPOO 100ML"
    ]
  },
  {
    "value": "IRIS AMAZE SHAMPOO 200ML",
    "synonyms": [
      "IRIS AMAZE SHAMPOO 200ML"
    ]
  },
  {
    "value": "IRIS BRIO SYRUP 200ML",
    "synonyms": [
      "IRIS BRIO SYRUP 200ML"
    ]
  },
  {
    "value": "IRIS FRESH 200ML",
    "synonyms": [
      "IRIS FRESH 200ML"
    ]
  },
  {
    "value": "IVERCIP 1ML INJ",
    "synonyms": [
      "IVERCIP 1ML INJ"
    ]
  },
  {
    "value": "IVERCIP TAB 10`S",
    "synonyms": [
      "IVERCIP TAB 10`S"
    ]
  },
  {
    "value": "IVOMEC INJ 100ML",
    "synonyms": [
      "IVOMEC INJ 100ML"
    ]
  },
  {
    "value": "JIBSS CHLORHEXIDERM 100ML",
    "synonyms": [
      "JIBSS CHLORHEXIDERM 100ML"
    ]
  },
  {
    "value": "JIBSS CHLORHEXIDERM 225ML",
    "synonyms": [
      "JIBSS CHLORHEXIDERM 225ML"
    ]
  },
  {
    "value": "JIBSS DEMOSCANIL LIME SULFUR DIP 250ML",
    "synonyms": [
      "JIBSS DEMOSCANIL LIME SULFUR DIP 250ML"
    ]
  },
  {
    "value": "JIBSS DEMOSCANIL LIME SULFUR DIP 50ML",
    "synonyms": [
      "JIBSS DEMOSCANIL LIME SULFUR DIP 50ML"
    ]
  },
  {
    "value": "JIBSS DENTAPASTE MILK 100GM",
    "synonyms": [
      "JIBSS DENTAPASTE MILK 100GM"
    ]
  },
  {
    "value": "JIBSS DENTAPASTE MINT BRUSH 100GM",
    "synonyms": [
      "JIBSS DENTAPASTE MINT BRUSH 100GM"
    ]
  },
  {
    "value": "JIBSS DR DEV SMART BANANA 100ML",
    "synonyms": [
      "JIBSS DR DEV SMART BANANA 100ML"
    ]
  },
  {
    "value": "JIBSS DR DEV SMART PEANUT BUTTER 100ML",
    "synonyms": [
      "JIBSS DR DEV SMART PEANUT BUTTER 100ML"
    ]
  },
  {
    "value": "JIBSS KENNEL HYGIENE 1LTR",
    "synonyms": [
      "JIBSS KENNEL HYGIENE 1LTR"
    ]
  },
  {
    "value": "JIBSS KENNEL HYGIENE 4.5LTR",
    "synonyms": [
      "JIBSS KENNEL HYGIENE 4.5LTR"
    ]
  },
  {
    "value": "JIBSS KENNEL HYGIENE 450ML",
    "synonyms": [
      "JIBSS KENNEL HYGIENE 450ML"
    ]
  },
  {
    "value": "JIBSS KENNEL JASMINE HYGIENE 450ML",
    "synonyms": [
      "JIBSS KENNEL JASMINE HYGIENE 450ML"
    ]
  },
  {
    "value": "JOINT ACTIVE TAB 10`S",
    "synonyms": [
      "JOINT ACTIVE TAB 10`S"
    ]
  },
  {
    "value": "JOINT ACTIVE TAB 60`S",
    "synonyms": [
      "JOINT ACTIVE TAB 60`S"
    ]
  },
  {
    "value": "JOINT MUST 10`S",
    "synonyms": [
      "JOINT MUST 10`S"
    ]
  },
  {
    "value": "K 9 BACT DUSTING POWER",
    "synonyms": [
      "K 9 BACT DUSTING POWER"
    ]
  },
  {
    "value": "K 9 DERM LOTION 200ML",
    "synonyms": [
      "K 9 DERM LOTION 200ML"
    ]
  },
  {
    "value": "K 9 DERM SPRAY 100ML",
    "synonyms": [
      "K 9 DERM SPRAY 100ML"
    ]
  },
  {
    "value": "KALK TAB 60`S",
    "synonyms": [
      "KALK TAB 60`S"
    ]
  },
  {
    "value": "KALK TAB LETTEN  160`S",
    "synonyms": [
      "KALK TAB LETTEN  160`S"
    ]
  },
  {
    "value": "KETOCHLOR SHAMPOO 200 ML",
    "synonyms": [
      "KETOCHLOR SHAMPOO 200 ML"
    ]
  },
  {
    "value": "KETOTEK C SOAP 50GMS",
    "synonyms": [
      "KETOTEK C SOAP 50GMS"
    ]
  },
  {
    "value": "KETOTEK CT 200ML",
    "synonyms": [
      "KETOTEK CT 200ML"
    ]
  },
  {
    "value": "KETOTEK TAB 10`S",
    "synonyms": [
      "KETOTEK TAB 10`S"
    ]
  },
  {
    "value": "KISKIN LOTION 100 ML",
    "synonyms": [
      "KISKIN LOTION 100 ML"
    ]
  },
  {
    "value": "KISKIN LOTION 30ML",
    "synonyms": [
      "KISKIN LOTION 30ML"
    ]
  },
  {
    "value": "KISKIN OINT 20GM",
    "synonyms": [
      "KISKIN OINT 20GM"
    ]
  },
  {
    "value": "L2K POWDER 100GM",
    "synonyms": [
      "L2K POWDER 100GM"
    ]
  },
  {
    "value": "LEMON SHAMPOO 500ML",
    "synonyms": [
      "LEMON SHAMPOO 500ML"
    ]
  },
  {
    "value": "LIV 52 DROPS 30ML",
    "synonyms": [
      "LIV 52 DROPS 30ML"
    ]
  },
  {
    "value": "LIV 52 PET LIQUID 200 ML",
    "synonyms": [
      "LIV 52 PET LIQUID 200 ML"
    ]
  },
  {
    "value": "LIVERPAK 500 60ML",
    "synonyms": [
      "LIVERPAK 500 60ML"
    ]
  },
  {
    "value": "LIVJIVAN DROP 30ML",
    "synonyms": [
      "LIVJIVAN DROP 30ML"
    ]
  },
  {
    "value": "LIVOFEROL PET 200 ML",
    "synonyms": [
      "LIVOFEROL PET 200 ML"
    ]
  },
  {
    "value": "LIVOTAS PET SYRUP 200ML",
    "synonyms": [
      "LIVOTAS PET SYRUP 200ML"
    ]
  },
  {
    "value": "LIXEN PALATAB 300MG",
    "synonyms": [
      "LIXEN PALATAB 300MG"
    ]
  },
  {
    "value": "LIXEN PALATAB 600MG",
    "synonyms": [
      "LIXEN PALATAB 600MG"
    ]
  },
  {
    "value": "LOAMGLO SHAMPOO 200ML",
    "synonyms": [
      "LOAMGLO SHAMPOO 200ML"
    ]
  },
  {
    "value": "LUBRIVATE-P EYE DROPS 10ML",
    "synonyms": [
      "LUBRIVATE-P EYE DROPS 10ML"
    ]
  },
  {
    "value": "MARBOMET  5` TAB",
    "synonyms": [
      "MARBOMET  5` TAB"
    ]
  },
  {
    "value": "MECTIN INJ 1ML",
    "synonyms": [
      "MECTIN INJ 1ML"
    ]
  },
  {
    "value": "MEDIPET 200ML",
    "synonyms": [
      "MEDIPET 200ML"
    ]
  },
  {
    "value": "MEDIPET SPRAY 100ML",
    "synonyms": [
      "MEDIPET SPRAY 100ML"
    ]
  },
  {
    "value": "MEGA STOP 60ML",
    "synonyms": [
      "MEGA STOP 60ML"
    ]
  },
  {
    "value": "MELOBEST PET TAB 10S",
    "synonyms": [
      "MELOBEST PET TAB 10S"
    ]
  },
  {
    "value": "MELONEX INJ 2ML",
    "synonyms": [
      "MELONEX INJ 2ML"
    ]
  },
  {
    "value": "MERAMEET 200ML",
    "synonyms": [
      "MERAMEET 200ML"
    ]
  },
  {
    "value": "MERICAL PET 360 ML",
    "synonyms": [
      "MERICAL PET 360 ML"
    ]
  },
  {
    "value": "MERICAL PET 360 ML",
    "synonyms": [
      "MERICAL PET 360 ML"
    ]
  },
  {
    "value": "MERICALPET DS BRISKIT 60S",
    "synonyms": [
      "MERICALPET DS BRISKIT 60S"
    ]
  },
  {
    "value": "MERICALPET DS BRISKIT 60S",
    "synonyms": [
      "MERICALPET DS BRISKIT 60S"
    ]
  },
  {
    "value": "MERIQUIN 150MG TAB",
    "synonyms": [
      "MERIQUIN 150MG TAB"
    ]
  },
  {
    "value": "MERIQUIN 150MG TAB",
    "synonyms": [
      "MERIQUIN 150MG TAB"
    ]
  },
  {
    "value": "MERIQUIN 150MG TAB",
    "synonyms": [
      "MERIQUIN 150MG TAB"
    ]
  },
  {
    "value": "MERIQUIN 150MG TAB",
    "synonyms": [
      "MERIQUIN 150MG TAB"
    ]
  },
  {
    "value": "MERIQUIN 150MG TAB",
    "synonyms": [
      "MERIQUIN 150MG TAB"
    ]
  },
  {
    "value": "MERIQUIN 150MG TAB",
    "synonyms": [
      "MERIQUIN 150MG TAB"
    ]
  },
  {
    "value": "MERIQUIN 50MG TAB",
    "synonyms": [
      "MERIQUIN 50MG TAB"
    ]
  },
  {
    "value": "MERIQUIN 50MG TAB",
    "synonyms": [
      "MERIQUIN 50MG TAB"
    ]
  },
  {
    "value": "MICODIN SHAMPOO 100ML",
    "synonyms": [
      "MICODIN SHAMPOO 100ML"
    ]
  },
  {
    "value": "MICODIN SHAMPOO 200ML",
    "synonyms": [
      "MICODIN SHAMPOO 200ML"
    ]
  },
  {
    "value": "MICODIN SHAMPOO 200ML",
    "synonyms": [
      "MICODIN SHAMPOO 200ML"
    ]
  },
  {
    "value": "MONOTEK SOAP 50GM",
    "synonyms": [
      "MONOTEK SOAP 50GM"
    ]
  },
  {
    "value": "MOXIPET CV 1GM TAB",
    "synonyms": [
      "MOXIPET CV 1GM TAB"
    ]
  },
  {
    "value": "MOXIPET CV 375 TAB",
    "synonyms": [
      "MOXIPET CV 375 TAB"
    ]
  },
  {
    "value": "MOXIPET CV 625 TAB",
    "synonyms": [
      "MOXIPET CV 625 TAB"
    ]
  },
  {
    "value": "MOXIPET CV DRY SYP 30ML",
    "synonyms": [
      "MOXIPET CV DRY SYP 30ML"
    ]
  },
  {
    "value": "MOXIPET-K EYE DROPS 5ML",
    "synonyms": [
      "MOXIPET-K EYE DROPS 5ML"
    ]
  },
  {
    "value": "NAYFLEE 100ML",
    "synonyms": [
      "NAYFLEE 100ML"
    ]
  },
  {
    "value": "NAYFLEE PLUS -CAT SPOTON",
    "synonyms": [
      "NAYFLEE PLUS -CAT SPOTON"
    ]
  },
  {
    "value": "NAYFLEE PLUS SPOTON 10 TO 20KG",
    "synonyms": [
      "NAYFLEE PLUS SPOTON 10 TO 20KG"
    ]
  },
  {
    "value": "NAYFLEE PLUS SPOTON UPTO 10KG",
    "synonyms": [
      "NAYFLEE PLUS SPOTON UPTO 10KG"
    ]
  },
  {
    "value": "NEAT NUTRITIONAL EXPERT 1LTR",
    "synonyms": [
      "NEAT NUTRITIONAL EXPERT 1LTR"
    ]
  },
  {
    "value": "NEFROTEC DS  TAB 60\u0027S",
    "synonyms": [
      "NEFROTEC DS  TAB 60\u0027S"
    ]
  },
  {
    "value": "NEOMEC TAB 10\u0027S",
    "synonyms": [
      "NEOMEC TAB 10\u0027S"
    ]
  },
  {
    "value": "NEPOCEF-CV 162.5 TAB 10`S",
    "synonyms": [
      "NEPOCEF-CV 162.5 TAB 10`S"
    ]
  },
  {
    "value": "NEPOCEF-CV 325 TAB 10`S",
    "synonyms": [
      "NEPOCEF-CV 325 TAB 10`S"
    ]
  },
  {
    "value": "NEW SAMOLAC PRO 400GM",
    "synonyms": [
      "NEW SAMOLAC PRO 400GM"
    ]
  },
  {
    "value": "NEW SAMOLAC PRO 400GM",
    "synonyms": [
      "NEW SAMOLAC PRO 400GM"
    ]
  },
  {
    "value": "NEWCHARM ONIT 25GM",
    "synonyms": [
      "NEWCHARM ONIT 25GM"
    ]
  },
  {
    "value": "NEWCHARM ONIT 25GM",
    "synonyms": [
      "NEWCHARM ONIT 25GM"
    ]
  },
  {
    "value": "NOTIX GREEN SHAMPOO 200 ML",
    "synonyms": [
      "NOTIX GREEN SHAMPOO 200 ML"
    ]
  },
  {
    "value": "NOTIX GREEN SHAMPOO 500 ML",
    "synonyms": [
      "NOTIX GREEN SHAMPOO 500 ML"
    ]
  },
  {
    "value": "NOTIX GREEN SOAP",
    "synonyms": [
      "NOTIX GREEN SOAP"
    ]
  },
  {
    "value": "NOTIX SCRUB 15ML",
    "synonyms": [
      "NOTIX SCRUB 15ML"
    ]
  },
  {
    "value": "NOTIX SCRUB SHAMPOO 150 GM",
    "synonyms": [
      "NOTIX SCRUB SHAMPOO 150 GM"
    ]
  },
  {
    "value": "NUTRICH TAB 30`S",
    "synonyms": [
      "NUTRICH TAB 30`S"
    ]
  },
  {
    "value": "NUTRICH TAB 60`S",
    "synonyms": [
      "NUTRICH TAB 60`S"
    ]
  },
  {
    "value": "NUTRICOAT 200 GM",
    "synonyms": [
      "NUTRICOAT 200 GM"
    ]
  },
  {
    "value": "NUTRICOAT ADVANCE 200 GM",
    "synonyms": [
      "NUTRICOAT ADVANCE 200 GM"
    ]
  },
  {
    "value": "NUTRICOAT ADVANCE 400GM",
    "synonyms": [
      "NUTRICOAT ADVANCE 400GM"
    ]
  },
  {
    "value": "NUTRISAM 365 BRISKITS 50S",
    "synonyms": [
      "NUTRISAM 365 BRISKITS 50S"
    ]
  },
  {
    "value": "NUTRISAM 365 BRISKITS 50S",
    "synonyms": [
      "NUTRISAM 365 BRISKITS 50S"
    ]
  },
  {
    "value": "O.D.TERONE PET DROPS 60ML",
    "synonyms": [
      "O.D.TERONE PET DROPS 60ML"
    ]
  },
  {
    "value": "OAT COAT SHAMPOO 200ML -ETP",
    "synonyms": [
      "OAT COAT SHAMPOO 200ML -ETP"
    ]
  },
  {
    "value": "OESOZOLE 40MG INJ",
    "synonyms": [
      "OESOZOLE 40MG INJ"
    ]
  },
  {
    "value": "OFTAL TEAR STAIN REMOVER 50ML",
    "synonyms": [
      "OFTAL TEAR STAIN REMOVER 50ML"
    ]
  },
  {
    "value": "ORCALMIN FORTE 200ML",
    "synonyms": [
      "ORCALMIN FORTE 200ML"
    ]
  },
  {
    "value": "ORDELYTE PET POWDER 16.08GM",
    "synonyms": [
      "ORDELYTE PET POWDER 16.08GM"
    ]
  },
  {
    "value": "OSTOPET",
    "synonyms": [
      "OSTOPET"
    ]
  },
  {
    "value": "PARVOLIX-PV DROPS 100ML",
    "synonyms": [
      "PARVOLIX-PV DROPS 100ML"
    ]
  },
  {
    "value": "PENETRAT PET TAB 10`S",
    "synonyms": [
      "PENETRAT PET TAB 10`S"
    ]
  },
  {
    "value": "PET JOINT 12`S",
    "synonyms": [
      "PET JOINT 12`S"
    ]
  },
  {
    "value": "PET KUFF SYRUP 100ML",
    "synonyms": [
      "PET KUFF SYRUP 100ML"
    ]
  },
  {
    "value": "PET O CAL SYP 200ML",
    "synonyms": [
      "PET O CAL SYP 200ML"
    ]
  },
  {
    "value": "PET O CEF 100MG TAB",
    "synonyms": [
      "PET O CEF 100MG TAB"
    ]
  },
  {
    "value": "PET O CEF 200MG TAB",
    "synonyms": [
      "PET O CEF 200MG TAB"
    ]
  },
  {
    "value": "PET O CEF D/S 30ML",
    "synonyms": [
      "PET O CEF D/S 30ML"
    ]
  },
  {
    "value": "PET O COAT 200ML SYP -ETP",
    "synonyms": [
      "PET O COAT 200ML SYP -ETP"
    ]
  },
  {
    "value": "PET O EASE SYRUP 100ML",
    "synonyms": [
      "PET O EASE SYRUP 100ML"
    ]
  },
  {
    "value": "PET O HEAT SYRUP 200ML",
    "synonyms": [
      "PET O HEAT SYRUP 200ML"
    ]
  },
  {
    "value": "PET O LAC  400GM",
    "synonyms": [
      "PET O LAC  400GM"
    ]
  },
  {
    "value": "PET O LAC 250GM -STAGE-1",
    "synonyms": [
      "PET O LAC 250GM -STAGE-1"
    ]
  },
  {
    "value": "PET O LIV 200ML",
    "synonyms": [
      "PET O LIV 200ML"
    ]
  },
  {
    "value": "PET O VIT DROP 30ML",
    "synonyms": [
      "PET O VIT DROP 30ML"
    ]
  },
  {
    "value": "PET O VIT SYP 200ML",
    "synonyms": [
      "PET O VIT SYP 200ML"
    ]
  },
  {
    "value": "PET PRODUCER 200ML",
    "synonyms": [
      "PET PRODUCER 200ML"
    ]
  },
  {
    "value": "PET SHINE FRUIT SHAMPOO 200ML",
    "synonyms": [
      "PET SHINE FRUIT SHAMPOO 200ML"
    ]
  },
  {
    "value": "PET SHINE FRUIT SHAMPOO 500ML",
    "synonyms": [
      "PET SHINE FRUIT SHAMPOO 500ML"
    ]
  },
  {
    "value": "PET SHINE LAVENDER SHAMPOO 200ML",
    "synonyms": [
      "PET SHINE LAVENDER SHAMPOO 200ML"
    ]
  },
  {
    "value": "PET SHINE LAVENDER SHAMPOO 500ML",
    "synonyms": [
      "PET SHINE LAVENDER SHAMPOO 500ML"
    ]
  },
  {
    "value": "PET SHINE SOAP 75GM",
    "synonyms": [
      "PET SHINE SOAP 75GM"
    ]
  },
  {
    "value": "PETBEN SHAMPOO 200ML",
    "synonyms": [
      "PETBEN SHAMPOO 200ML"
    ]
  },
  {
    "value": "PETCLIND 600MG TAB 10`S",
    "synonyms": [
      "PETCLIND 600MG TAB 10`S"
    ]
  },
  {
    "value": "PETCURIN SUSP 200ML",
    "synonyms": [
      "PETCURIN SUSP 200ML"
    ]
  },
  {
    "value": "PETHEX SHAMPOO",
    "synonyms": [
      "PETHEX SHAMPOO"
    ]
  },
  {
    "value": "PETMEND SPRAY 150ML",
    "synonyms": [
      "PETMEND SPRAY 150ML"
    ]
  },
  {
    "value": "PETMEND SPRAY 150ML",
    "synonyms": [
      "PETMEND SPRAY 150ML"
    ]
  },
  {
    "value": "PETMOSOL ADORE SOAP",
    "synonyms": [
      "PETMOSOL ADORE SOAP"
    ]
  },
  {
    "value": "PETORAL-K TAB 10`S",
    "synonyms": [
      "PETORAL-K TAB 10`S"
    ]
  },
  {
    "value": "PETOVATE 100ML LOTION",
    "synonyms": [
      "PETOVATE 100ML LOTION"
    ]
  },
  {
    "value": "PETOVATE ONIT 20GM",
    "synonyms": [
      "PETOVATE ONIT 20GM"
    ]
  },
  {
    "value": "PETUP DROPS 30ML",
    "synonyms": [
      "PETUP DROPS 30ML"
    ]
  },
  {
    "value": "PIVODINE SPRAY 100ML",
    "synonyms": [
      "PIVODINE SPRAY 100ML"
    ]
  },
  {
    "value": "PLAQUE AWAY 250ML",
    "synonyms": [
      "PLAQUE AWAY 250ML"
    ]
  },
  {
    "value": "PLATOGROW PET SYRUP 200ML",
    "synonyms": [
      "PLATOGROW PET SYRUP 200ML"
    ]
  },
  {
    "value": "POOP FIRM TAB 30`S",
    "synonyms": [
      "POOP FIRM TAB 30`S"
    ]
  },
  {
    "value": "POOP REPEL TAB 30`S",
    "synonyms": [
      "POOP REPEL TAB 30`S"
    ]
  },
  {
    "value": "PRAZIPLUS",
    "synonyms": [
      "PRAZIPLUS"
    ]
  },
  {
    "value": "PRAZISAM PLUS 2\u0027S",
    "synonyms": [
      "PRAZISAM PLUS 2\u0027S"
    ]
  },
  {
    "value": "PRAZISAM PLUS 2\u0027S",
    "synonyms": [
      "PRAZISAM PLUS 2\u0027S"
    ]
  },
  {
    "value": "PRAZISAM PLUS 2\u0027S",
    "synonyms": [
      "PRAZISAM PLUS 2\u0027S"
    ]
  },
  {
    "value": "PRAZISAM PLUS 2\u0027S",
    "synonyms": [
      "PRAZISAM PLUS 2\u0027S"
    ]
  },
  {
    "value": "PROCOTT SHAMPOO 275 ML",
    "synonyms": [
      "PROCOTT SHAMPOO 275 ML"
    ]
  },
  {
    "value": "PROCOTT SHAMPOO 500ML",
    "synonyms": [
      "PROCOTT SHAMPOO 500ML"
    ]
  },
  {
    "value": "PROCOTT SOAP 75GM",
    "synonyms": [
      "PROCOTT SOAP 75GM"
    ]
  },
  {
    "value": "PROVIBOOST DROPS- 15 ML",
    "synonyms": [
      "PROVIBOOST DROPS- 15 ML"
    ]
  },
  {
    "value": "PROVIBOOST SYRUP 200 ML",
    "synonyms": [
      "PROVIBOOST SYRUP 200 ML"
    ]
  },
  {
    "value": "PROVIBOOST SYRUP 500ML",
    "synonyms": [
      "PROVIBOOST SYRUP 500ML"
    ]
  },
  {
    "value": "PROVICAL PET 200 ML",
    "synonyms": [
      "PROVICAL PET 200 ML"
    ]
  },
  {
    "value": "PROVICAL PET 500ML",
    "synonyms": [
      "PROVICAL PET 500ML"
    ]
  },
  {
    "value": "PUP START 1.5KG",
    "synonyms": [
      "PUP START 1.5KG"
    ]
  },
  {
    "value": "PUP START 300GM",
    "synonyms": [
      "PUP START 300GM"
    ]
  },
  {
    "value": "PUPPY TRAINER",
    "synonyms": [
      "PUPPY TRAINER"
    ]
  },
  {
    "value": "PYO SPOT DOG 0-10KG",
    "synonyms": [
      "PYO SPOT DOG 0-10KG"
    ]
  },
  {
    "value": "PYO SPOT DOG 10-20KG",
    "synonyms": [
      "PYO SPOT DOG 10-20KG"
    ]
  },
  {
    "value": "PYO SPOT DOG 20-40KG",
    "synonyms": [
      "PYO SPOT DOG 20-40KG"
    ]
  },
  {
    "value": "PYOCLEAN MOUSSE FOAM DOG \u0026 CAT",
    "synonyms": [
      "PYOCLEAN MOUSSE FOAM DOG \u0026 CAT"
    ]
  },
  {
    "value": "PYOCLEAN SHAMPOO DOG \u0026 CAT",
    "synonyms": [
      "PYOCLEAN SHAMPOO DOG \u0026 CAT"
    ]
  },
  {
    "value": "PYOCLEAN SHAMPOO DOG \u0026 CAT",
    "synonyms": [
      "PYOCLEAN SHAMPOO DOG \u0026 CAT"
    ]
  },
  {
    "value": "RABIGEN 10ML INJ",
    "synonyms": [
      "RABIGEN 10ML INJ"
    ]
  },
  {
    "value": "RABIGEN 1ML INJ",
    "synonyms": [
      "RABIGEN 1ML INJ"
    ]
  },
  {
    "value": "RABISIN 10ML",
    "synonyms": [
      "RABISIN 10ML"
    ]
  },
  {
    "value": "RABISIN 1ML",
    "synonyms": [
      "RABISIN 1ML"
    ]
  },
  {
    "value": "RAPIMEC TAB 10S",
    "synonyms": [
      "RAPIMEC TAB 10S"
    ]
  },
  {
    "value": "RELTIX SHAMPOO 200ML",
    "synonyms": [
      "RELTIX SHAMPOO 200ML"
    ]
  },
  {
    "value": "RELTIX SHAMPOO 200ML",
    "synonyms": [
      "RELTIX SHAMPOO 200ML"
    ]
  },
  {
    "value": "RELTIX SHAMPOO 200ML",
    "synonyms": [
      "RELTIX SHAMPOO 200ML"
    ]
  },
  {
    "value": "RELTIX SHAMPOO 200ML",
    "synonyms": [
      "RELTIX SHAMPOO 200ML"
    ]
  },
  {
    "value": "RIDD 15ML LIQ",
    "synonyms": [
      "RIDD 15ML LIQ"
    ]
  },
  {
    "value": "RIDD 60ML LIQ",
    "synonyms": [
      "RIDD 60ML LIQ"
    ]
  },
  {
    "value": "RIDD 6ML LIQ",
    "synonyms": [
      "RIDD 6ML LIQ"
    ]
  },
  {
    "value": "RUBENAL 300 TAB 60`S",
    "synonyms": [
      "RUBENAL 300 TAB 60`S"
    ]
  },
  {
    "value": "RUBENAL 300 TAB 60`S",
    "synonyms": [
      "RUBENAL 300 TAB 60`S"
    ]
  },
  {
    "value": "SALMON OIL 425ML",
    "synonyms": [
      "SALMON OIL 425ML"
    ]
  },
  {
    "value": "SAMFUR POWDER 100GM",
    "synonyms": [
      "SAMFUR POWDER 100GM"
    ]
  },
  {
    "value": "SAMFUR POWDER 100GM",
    "synonyms": [
      "SAMFUR POWDER 100GM"
    ]
  },
  {
    "value": "SAMGLOW-PV SHAMPOO 200ML",
    "synonyms": [
      "SAMGLOW-PV SHAMPOO 200ML"
    ]
  },
  {
    "value": "SAMGLOW-PV SHAMPOO 200ML",
    "synonyms": [
      "SAMGLOW-PV SHAMPOO 200ML"
    ]
  },
  {
    "value": "SCABOVATE SOAP 75GM",
    "synonyms": [
      "SCABOVATE SOAP 75GM"
    ]
  },
  {
    "value": "SCAVON VET SPRAY 100ML",
    "synonyms": [
      "SCAVON VET SPRAY 100ML"
    ]
  },
  {
    "value": "SEBOLYTIC 200 ML",
    "synonyms": [
      "SEBOLYTIC 200 ML"
    ]
  },
  {
    "value": "SELAMEC CAT SPOTON 0.5ML",
    "synonyms": [
      "SELAMEC CAT SPOTON 0.5ML"
    ]
  },
  {
    "value": "SELAMEC SPOTON 1ML",
    "synonyms": [
      "SELAMEC SPOTON 1ML"
    ]
  },
  {
    "value": "SELAMEC SPOTON 2ML",
    "synonyms": [
      "SELAMEC SPOTON 2ML"
    ]
  },
  {
    "value": "SELEDRUFF SHAMPOO 200 ML",
    "synonyms": [
      "SELEDRUFF SHAMPOO 200 ML"
    ]
  },
  {
    "value": "SHARKOFERROL -PET 200 GM",
    "synonyms": [
      "SHARKOFERROL -PET 200 GM"
    ]
  },
  {
    "value": "SHE DRY REVIVE 150ML",
    "synonyms": [
      "SHE DRY REVIVE 150ML"
    ]
  },
  {
    "value": "SHERLEY \u0027S LACTOL",
    "synonyms": [
      "SHERLEY \u0027S LACTOL"
    ]
  },
  {
    "value": "SHOWER \u0026 BEADS SHAMPOO",
    "synonyms": [
      "SHOWER \u0026 BEADS SHAMPOO"
    ]
  },
  {
    "value": "SILYTEK SUSP 200ML",
    "synonyms": [
      "SILYTEK SUSP 200ML"
    ]
  },
  {
    "value": "SKY CAL SYRUP 200ML",
    "synonyms": [
      "SKY CAL SYRUP 200ML"
    ]
  },
  {
    "value": "SKY CAL SYRUP 500ML",
    "synonyms": [
      "SKY CAL SYRUP 500ML"
    ]
  },
  {
    "value": "SKY WORM CAT TAB 4`S",
    "synonyms": [
      "SKY WORM CAT TAB 4`S"
    ]
  },
  {
    "value": "SKY WORM PUPPY 15ML",
    "synonyms": [
      "SKY WORM PUPPY 15ML"
    ]
  },
  {
    "value": "SKY WORM TAB 10`S",
    "synonyms": [
      "SKY WORM TAB 10`S"
    ]
  },
  {
    "value": "SKY WORM XL TAB 2`S",
    "synonyms": [
      "SKY WORM XL TAB 2`S"
    ]
  },
  {
    "value": "SLAYWORM TAB 10`S",
    "synonyms": [
      "SLAYWORM TAB 10`S"
    ]
  },
  {
    "value": "SOFTAS MAX SOAP 75GM",
    "synonyms": [
      "SOFTAS MAX SOAP 75GM"
    ]
  },
  {
    "value": "SOFTAS PLUS SHAMPOO",
    "synonyms": [
      "SOFTAS PLUS SHAMPOO"
    ]
  },
  {
    "value": "SOFTAS SHAMPOO 200 ML",
    "synonyms": [
      "SOFTAS SHAMPOO 200 ML"
    ]
  },
  {
    "value": "SOFTAS SOAP",
    "synonyms": [
      "SOFTAS SOAP"
    ]
  },
  {
    "value": "STAR COAT 200ML",
    "synonyms": [
      "STAR COAT 200ML"
    ]
  },
  {
    "value": "STAR COAT 500ML",
    "synonyms": [
      "STAR COAT 500ML"
    ]
  },
  {
    "value": "SULPHOSALIC SOAP 75GM",
    "synonyms": [
      "SULPHOSALIC SOAP 75GM"
    ]
  },
  {
    "value": "SYNOPET POWDER 120GM",
    "synonyms": [
      "SYNOPET POWDER 120GM"
    ]
  },
  {
    "value": "TAKFA PET SPRAY 50ML",
    "synonyms": [
      "TAKFA PET SPRAY 50ML"
    ]
  },
  {
    "value": "TEA TREE OIL SHAMPOO 200ML -ETP",
    "synonyms": [
      "TEA TREE OIL SHAMPOO 200ML -ETP"
    ]
  },
  {
    "value": "TEA TREE OIL SHAMPOO 500ML -ETP",
    "synonyms": [
      "TEA TREE OIL SHAMPOO 500ML -ETP"
    ]
  },
  {
    "value": "TEFROLI FORTE PET SYRUP 200ML",
    "synonyms": [
      "TEFROLI FORTE PET SYRUP 200ML"
    ]
  },
  {
    "value": "TICK FREE POWDER 100GM",
    "synonyms": [
      "TICK FREE POWDER 100GM"
    ]
  },
  {
    "value": "TICK FREE SHAMPOO 200ML",
    "synonyms": [
      "TICK FREE SHAMPOO 200ML"
    ]
  },
  {
    "value": "TICK FREE SHAMPOO 500ML",
    "synonyms": [
      "TICK FREE SHAMPOO 500ML"
    ]
  },
  {
    "value": "TICK FREE SOAP 75GM",
    "synonyms": [
      "TICK FREE SOAP 75GM"
    ]
  },
  {
    "value": "TICK FREE SPOT ON 10-20KG",
    "synonyms": [
      "TICK FREE SPOT ON 10-20KG"
    ]
  },
  {
    "value": "TICK FREE SPOT ON 20-40KG",
    "synonyms": [
      "TICK FREE SPOT ON 20-40KG"
    ]
  },
  {
    "value": "TICK FREE SPOT ON 40-60KG",
    "synonyms": [
      "TICK FREE SPOT ON 40-60KG"
    ]
  },
  {
    "value": "TICK FREE SPOT ON UPTO 10KG",
    "synonyms": [
      "TICK FREE SPOT ON UPTO 10KG"
    ]
  },
  {
    "value": "TICK FREE SPRAY 100ML",
    "synonyms": [
      "TICK FREE SPRAY 100ML"
    ]
  },
  {
    "value": "TIKFITE DUSTING POWER",
    "synonyms": [
      "TIKFITE DUSTING POWER"
    ]
  },
  {
    "value": "TIKFITE SHAMPOO 200ML",
    "synonyms": [
      "TIKFITE SHAMPOO 200ML"
    ]
  },
  {
    "value": "TIKFITE SHAMPOO 500ML",
    "synonyms": [
      "TIKFITE SHAMPOO 500ML"
    ]
  },
  {
    "value": "TIKOUT SOAP",
    "synonyms": [
      "TIKOUT SOAP"
    ]
  },
  {
    "value": "TOBIVATE EYE DROOPS 5ML",
    "synonyms": [
      "TOBIVATE EYE DROOPS 5ML"
    ]
  },
  {
    "value": "TOOTH GEL DOG CAT 100GM",
    "synonyms": [
      "TOOTH GEL DOG CAT 100GM"
    ]
  },
  {
    "value": "TOP 10 160\u0027S TAB",
    "synonyms": [
      "TOP 10 160\u0027S TAB"
    ]
  },
  {
    "value": "TOP 10 60\u0027S TAB",
    "synonyms": [
      "TOP 10 60\u0027S TAB"
    ]
  },
  {
    "value": "TRIBIVET INJ 2 ML",
    "synonyms": [
      "TRIBIVET INJ 2 ML"
    ]
  },
  {
    "value": "UTI-ZEN FOR DOGS \u0026 CAT TAB 30`S",
    "synonyms": [
      "UTI-ZEN FOR DOGS \u0026 CAT TAB 30`S"
    ]
  },
  {
    "value": "UTKID 200ML",
    "synonyms": [
      "UTKID 200ML"
    ]
  },
  {
    "value": "VEGGIE DENT -L",
    "synonyms": [
      "VEGGIE DENT -L"
    ]
  },
  {
    "value": "VIACUTAN PLUS 95ML",
    "synonyms": [
      "VIACUTAN PLUS 95ML"
    ]
  },
  {
    "value": "VIRYATONE PET POWDER 100GM",
    "synonyms": [
      "VIRYATONE PET POWDER 100GM"
    ]
  },
  {
    "value": "VITABEST 150 ML",
    "synonyms": [
      "VITABEST 150 ML"
    ]
  },
  {
    "value": "VITABEST DERM 250 ML",
    "synonyms": [
      "VITABEST DERM 250 ML"
    ]
  },
  {
    "value": "VITACHARM 100ML",
    "synonyms": [
      "VITACHARM 100ML"
    ]
  },
  {
    "value": "WHITE COAT EXPERT 1LTR",
    "synonyms": [
      "WHITE COAT EXPERT 1LTR"
    ]
  },
  {
    "value": "WOCEF 0.5MG",
    "synonyms": [
      "WOCEF 0.5MG"
    ]
  },
  {
    "value": "WOCEF 0.5MG",
    "synonyms": [
      "WOCEF 0.5MG"
    ]
  },
  {
    "value": "WOCURE 100ML",
    "synonyms": [
      "WOCURE 100ML"
    ]
  },
  {
    "value": "WOKAZOLE PLUS  100ML",
    "synonyms": [
      "WOKAZOLE PLUS  100ML"
    ]
  },
  {
    "value": "WOKAZOLE PLUS  100ML",
    "synonyms": [
      "WOKAZOLE PLUS  100ML"
    ]
  },
  {
    "value": "WOKAZOLE PLUS 30ML",
    "synonyms": [
      "WOKAZOLE PLUS 30ML"
    ]
  },
  {
    "value": "WOKAZOLE PLUS 30ML",
    "synonyms": [
      "WOKAZOLE PLUS 30ML"
    ]
  },
  {
    "value": "WORM TRAP-P 15ML",
    "synonyms": [
      "WORM TRAP-P 15ML"
    ]
  },
  {
    "value": "WORMTEK SUP 20ML",
    "synonyms": [
      "WORMTEK SUP 20ML"
    ]
  },
  {
    "value": "WORMTEK TAB",
    "synonyms": [
      "WORMTEK TAB"
    ]
  },
  {
    "value": "WORMTEK XL 4`S",
    "synonyms": [
      "WORMTEK XL 4`S"
    ]
  },
  {
    "value": "XCEFT INJ 250MG",
    "synonyms": [
      "XCEFT INJ 250MG"
    ]
  },
  {
    "value": "XCEFT INJ 500MG",
    "synonyms": [
      "XCEFT INJ 500MG"
    ]
  },
  {
    "value": "YAFA GOLD COAT 200ML",
    "synonyms": [
      "YAFA GOLD COAT 200ML"
    ]
  },
  {
    "value": "ZEROKEET",
    "synonyms": [
      "ZEROKEET"
    ]
  },
  {
    "value": "ZIPVIT SYP 200ML",
    "synonyms": [
      "ZIPVIT SYP 200ML"
    ]
  },
  {
    "value": "ZOTEK-P EAR DROPS 15ML",
    "synonyms": [
      "ZOTEK-P EAR DROPS 15ML"
    ]
  },
  {
    "value": "ZWEENA SHAMPOO 1 LTR",
    "synonyms": [
      "ZWEENA SHAMPOO 1 LTR"
    ]
  },
  {
    "value": "ZWEENA SHAMPOO 120ML",
    "synonyms": [
      "ZWEENA SHAMPOO 120ML"
    ]
  },
  {
    "value": "ZWEENA SHAMPOO 200ML",
    "synonyms": [
      "ZWEENA SHAMPOO 200ML"
    ]
  },
  {
    "value": "ZYMOPET 30ML",
    "synonyms": [
      "ZYMOPET 30ML"
    ]
  },
  {
    "value": "medicine_name",
    "synonyms": [
      "synonms"
    ]
  }
]